-- 회원
INSERT INTO proj21_shop.`member`
(m_id , m_passwd , m_name, m_phone, m_birthday, m_gender, m_addr1, m_addr2, m_addr3, m_question, m_answer, m_email)
VALUES
('test01', password(123), '월에는', '010-6176-1639', '1994-08-17', 1, 746858, '대구광역시 남구 봉덕동 이천로 51', '3층', '본인확인질문', '본인확인질문답변', 'test01@test.co.kr'),
('test02', password(123), '부정한', '010-8456-6396', '1994-08-17', 1, 746851, '대구광역시 남구 봉덕동 이천로 52', '2층', '본인확인질문', '본인확인질문답변', 'test02@test.co.kr'),
('test03', password(123), '법으로', '010-4564-3963', '1994-08-17', 1, 746852, '대구광역시 남구 봉덕동 이천로 53', '1층', '본인확인질문', '본인확인질문답변', 'test03@test.co.kr'),
('test04', password(123), '체결된', '010-1563-9754', '1994-08-17', 1, 746842, '대구광역시 남구 봉덕동 이천로 53', '1층', '본인확인질문', '본인확인질문답변', 'test04@test.co.kr'),
('test05', password(123), '주택공', '010-4156-1639', '1994-08-17', 1, 746842, '대구광역시 남구 봉덕동 이천로 53', '1층', '본인확인질문', '본인확인질문답변', 'test05@test.co.kr'),
('test06', password(123), '급계약', '010-3415-7541', '1994-08-17', 1, 746842, '대구광역시 남구 봉덕동 이천로 53', '1층', '본인확인질문', '본인확인질문답변', 'test06@test.co.kr'),
('test07', password(123), '은반드', '010-6341-2597', '1994-08-17', 1, 746842, '대구광역시 남구 봉덕동 이천로 53', '1층', '본인확인질문', '본인확인질문답변', 'test07@test.co.kr'),
('test08', password(123), '시취소', '010-5634-4129', '1994-08-17', 1, 746842, '대구광역시 남구 봉덕동 이천로 53', '1층', '본인확인질문', '본인확인질문답변', 'test08@test.co.kr'),
('test09', password(123), '되도록', '010-1563-7125', '1994-08-17', 1, 746842, '대구광역시 남구 봉덕동 이천로 53', '1층', '본인확인질문', '본인확인질문답변', 'test09@test.co.kr'),
('test10', password(123), '관련법', '010-1412-9752', '1994-08-17', 1, 746852, '대구광역시 남구 봉덕동 이천로 53', '1층', '본인확인질문', '본인확인질문답변', 'test10@test.co.kr'),
('test11', password(123), '이개정', '010-5142-5978', '1994-08-17', 1, 746852, '대구광역시 남구 봉덕동 이천로 53', '1층', '본인확인질문', '본인확인질문답변', 'test11@test.co.kr'),
('test12', password(123), '된다다', '010-5497-4256', '1994-08-17', 1, 746252, '대구광역시 남구 봉덕동 이천로 53', '1층', '본인확인질문', '본인확인질문답변', 'test12@test.co.kr'),
('test13', password(123), '만공급', '010-4123-9786', '1994-08-17', 1, 746252, '대구광역시 남구 봉덕동 이천로 53', '1층', '본인확인질문', '본인확인질문답변', 'test13@test.co.kr'),
('test14', password(123), '질서교', '010-9715-9259', '1994-08-17', 1, 746252, '대구광역시 남구 봉덕동 이천로 53', '1층', '본인확인질문', '본인확인질문답변', 'test14@test.co.kr'),
('test15', password(123), '행위가', '010-9783-5472', '1994-08-17', 1, 746852, '대구광역시 남구 봉덕동 이천로 53', '1층', '본인확인질문', '본인확인질문답변', 'test15@test.co.kr'),
('test16', password(123), '있었다', '010-9941-4972', '1994-08-17', 1, 746852, '대구광역시 남구 봉덕동 이천로 53', '1층', '본인확인질문', '본인확인질문답변', 'test16@test.co.kr'),
('test17', password(123), '는사실', '010-3541-5814', '1994-08-17', 1, 746322, '대구광역시 남구 봉덕동 이천로 53', '1층', '본인확인질문', '본인확인질문답변', 'test17@test.co.kr'),
('test18', password(123), '을모르', '010-7589-9756', '1994-08-17', 1, 746322, '대구광역시 남구 봉덕동 이천로 53', '1층', '본인확인질문', '본인확인질문답변', 'test18@test.co.kr'),
('test19', password(123), '주택을', '010-7249-2894', '1994-08-17', 1, 746322, '대구광역시 남구 봉덕동 이천로 53', '1층', '본인확인질문', '본인확인질문답변', 'test19@test.co.kr'),
('test20', password(123), '취득한', '010-7584-3915', '1994-08-17', 1, 746852, '대구광역시 남구 봉덕동 이천로 53', '1층', '본인확인질문', '본인확인질문답변', 'test20@test.co.kr'),
('test21', password(123), '선의의', '010-2175-3478', '1994-08-17', 0, 743153, '대구광역시 남구 봉덕동 이천로 54', '2층', '본인확인질문', '본인확인질문답변', 'test21@test.co.kr'),
('test22', password(123), '매수인', '010-4921-9351', '1994-08-17', 0, 743153, '대구광역시 남구 봉덕동 이천로 54', '2층', '본인확인질문', '본인확인질문답변', 'test22@test.co.kr'),
('test23', password(123), '은자신', '010-7549-7846', '1994-08-17', 0, 743152, '대구광역시 남구 봉덕동 이천로 54', '2층', '본인확인질문', '본인확인질문답변', 'test23@test.co.kr'),
('test24', password(123), '공급질', '010-2158-9517', '1994-08-17', 0, 746152, '대구광역시 남구 봉덕동 이천로 54', '2층', '본인확인질문', '본인확인질문답변', 'test24@test.co.kr'),
('test25', password(123), '서교란', '010-9127-8953', '1994-08-17', 0, 746152, '대구광역시 남구 봉덕동 이천로 54', '2층', '본인확인질문', '본인확인질문답변', 'test25@test.co.kr'),
('test26', password(123), '행위와', '010-4918-8942', '1994-08-17', 0, 746153, '대구광역시 남구 봉덕동 이천로 54', '2층', '본인확인질문', '본인확인질문답변', 'test26@test.co.kr'),
('test27', password(123), '무관함', '010-2758-5318', '1994-08-17', 0, 712153, '대구광역시 남구 봉덕동 이천로 54', '2층', '본인확인질문', '본인확인질문답변', 'test27@test.co.kr'),
('test28', password(123), '소명하', '010-4127-4953', '1994-08-17', 0, 712153, '대구광역시 남구 봉덕동 이천로 54', '2층', '본인확인질문', '본인확인질문답변', 'test28@test.co.kr'),
('test29', password(123), '공급계', '010-4589-8955', '1994-08-17', 0, 712153, '대구광역시 남구 봉덕동 이천로 54', '2층', '본인확인질문', '본인확인질문답변', 'test29@test.co.kr'),
('test30', password(123), '취소할', '010-1227-5289', '1994-08-17', 0, 712153, '대구광역시 남구 봉덕동 이천로 54', '2층', '본인확인질문', '본인확인질문답변', 'test30@test.co.kr'),
('test31', password(123), '수없다', '010-4912-1525', '1994-08-17', 0, 712153, '대구광역시 남구 봉덕동 이천로 54', '2층', '본인확인질문', '본인확인질문답변', 'test31@test.co.kr'),
('test32', password(123), '가덕도', '010-7491-5935', '1994-08-17', 0, 712153, '대구광역시 남구 봉덕동 이천로 54', '2층', '본인확인질문', '본인확인질문답변', 'test32@test.co.kr'),
('test33', password(123), '신공항', '010-7249-2891', '1994-08-17', 0, 712153, '대구광역시 남구 봉덕동 이천로 54', '2층', '본인확인질문', '본인확인질문답변', 'test33@test.co.kr'),
('test34', password(123), '설을위', '010-1582-3573', '1994-08-17', 0, 712153, '대구광역시 남구 봉덕동 이천로 54', '2층', '본인확인질문', '본인확인질문답변', 'test34@test.co.kr'),
('test35', password(123), '특별법', '010-9754-9876', '1994-08-17', 0, 746153, '대구광역시 남구 봉덕동 이천로 54', '2층', '본인확인질문', '본인확인질문답변', 'test35@test.co.kr'),
('test36', password(123), '시행된', '010-8425-1698', '1994-08-17', 0, 746133, '대구광역시 남구 봉덕동 이천로 54', '2층', '본인확인질문', '본인확인질문답변', 'test36@test.co.kr'),
('test37', password(123), '일반적', '010-7193-5185', '1994-08-17', 0, 746133, '대구광역시 남구 봉덕동 이천로 54', '2층', '본인확인질문', '본인확인질문답변', 'test37@test.co.kr'),
('test38', password(123), '신공항', '010-2589-1247', '1994-08-17', 0, 746133, '대구광역시 남구 봉덕동 이천로 54', '2층', '본인확인질문', '본인확인질문답변', 'test38@test.co.kr'),
('test39', password(123), '준공까', '010-5663-1531', '1994-08-17', 0, 746153, '대구광역시 남구 봉덕동 이천로 54', '2층', '본인확인질문', '본인확인질문답변', 'test39@test.co.kr'),
('test40', password(123), '이종마', '010-9775-7534', '1994-08-17', 0, 746154, '대구광역시 남구 봉덕동 이천로 55', '3층', '본인확인질문', '본인확인질문답변', 'test40@test.co.kr');


-- 주소
INSERT INTO proj21_shop.address
			(m_id,  m_addr1, m_addr2, m_addr3)
values
			('test01', 746858, '대구광역시 남구 봉덕동 이천로 51', '3층'),
			('test02', 746851, '대구광역시 남구 봉덕동 이천로 52', '2층'),
			('test03', 746852, '대구광역시 남구 봉덕동 이천로 53', '1층'),
			('test04', 746853, '대구광역시 남구 봉덕동 이천로 54', '2층'),
			('test05', 746853, '대구광역시 남구 봉덕동 이천로 54', '2층'),
			('test06', 746853, '대구광역시 남구 봉덕동 이천로 54', '2층'),
			('test07', 746853, '대구광역시 남구 봉덕동 이천로 54', '2층'),
			('test08', 746853, '대구광역시 남구 봉덕동 이천로 54', '2층'),
			('test09', 746853, '대구광역시 남구 봉덕동 이천로 54', '2층'),
			('test10', 746853, '대구광역시 남구 봉덕동 이천로 54', '2층'),
			('test11', 746853, '대구광역시 남구 봉덕동 이천로 54', '2층'),
			('test12', 746853, '대구광역시 남구 봉덕동 이천로 54', '2층'),
			('test13', 746853, '대구광역시 남구 봉덕동 이천로 54', '2층'),
			('test14', 746853, '대구광역시 남구 봉덕동 이천로 54', '2층'),
			('test15', 746853, '대구광역시 남구 봉덕동 이천로 54', '2층'),
			('test16', 746853, '대구광역시 남구 봉덕동 이천로 54', '2층'),
			('test17', 746853, '대구광역시 남구 봉덕동 이천로 54', '2층'),
			('test18', 746853, '대구광역시 남구 봉덕동 이천로 54', '2층'),
			('test19', 746853, '대구광역시 남구 봉덕동 이천로 54', '2층'),
			('test20', 746853, '대구광역시 남구 봉덕동 이천로 54', '2층'),
			('test21', 746853, '대구광역시 남구 봉덕동 이천로 54', '2층'),
			('test22', 746853, '대구광역시 남구 봉덕동 이천로 54', '2층'),
			('test23', 746853, '대구광역시 남구 봉덕동 이천로 54', '2층'),
			('test24', 746853, '대구광역시 남구 봉덕동 이천로 54', '2층'),
			('test25', 746853, '대구광역시 남구 봉덕동 이천로 54', '2층'),
			('test26', 746853, '대구광역시 남구 봉덕동 이천로 54', '2층'),
			('test27', 746853, '대구광역시 남구 봉덕동 이천로 54', '2층'),
			('test28', 746853, '대구광역시 남구 봉덕동 이천로 54', '2층'),
			('test29', 746853, '대구광역시 남구 봉덕동 이천로 54', '2층'),
			('test30', 746853, '대구광역시 남구 봉덕동 이천로 54', '2층'),
			('test31', 746853, '대구광역시 남구 봉덕동 이천로 54', '2층'),
			('test32', 746853, '대구광역시 남구 봉덕동 이천로 54', '2층'),
			('test33', 746853, '대구광역시 남구 봉덕동 이천로 54', '2층'),
			('test34', 746853, '대구광역시 남구 봉덕동 이천로 54', '2층'),
			('test35', 746853, '대구광역시 남구 봉덕동 이천로 54', '2층'),
			('test36', 746853, '대구광역시 남구 봉덕동 이천로 54', '2층'),
			('test37', 746853, '대구광역시 남구 봉덕동 이천로 54', '2층'),
			('test38', 746853, '대구광역시 남구 봉덕동 이천로 54', '2층'),
			('test39', 746853, '대구광역시 남구 봉덕동 이천로 54', '2층'),
			('test40', 746854, '대구광역시 남구 봉덕동 이천로 55', '3층');
		
-- 관리자
INSERT INTO proj21_shop.`member`
(m_id, m_passwd, m_name, m_phone, m_birthday, m_gender, m_addr1, m_addr2, m_addr3, m_question, m_answer, m_email, m_point)
VALUES	
('admin', password(123), '관리자', '010-1234-5678', '1994-08-17', 0, 111111, '대구광역시 남구', '3층','본인확인질문', '본인확인질문답변', 'admin@shop.co.kr',1000000);

 
-- 제품
-- 제품 번호 1      옷 카테고리 = (1:반팔)(2:긴팔)(3:슬립리스)(4:후디)(5:셔츠)(6:맨투맨)
-- 			01      옷 색상       = 아래 참고 색상=번호 참고
-- 			  1    옷 사이즈    = (1:XS)(2:S)(3:M)(4:L)(5:XL)

-- white = 1, ivory = 2, gray = 3, pink = 4, yellow =5, mint = 6
-- green = 7, purple = 8, navy = 9, black = 11, brown = 12, orange = 13, blue = 14, red=15, basic=16

INSERT ignore INTO proj21_shop.product
	(pro_num, pro_category, pro_name, pro_price, pro_content, pro_salesrate, pro_status ,pro_color, pro_size, pro_quantity)
VALUES
(1111	, 1	, 'blackT'	, 5000	,'데일리룩 연출하기 좋은 심플한 디자인, 적당히 도톰한 소재로 비침 없는 반팔티'	, 5 	,'신상'	, 11	,1	,10	),	(1112	, 1	, 'blackT'	, 5000	,'데일리룩 연출하기 좋은 심플한 디자인, 적당히 도톰한 소재로 비침 없는 반팔티'	, 5 	,'신상'	, 11	,2	,10	),	(1113	, 1	, 'blackT'	, 5000	,'데일리룩 연출하기 좋은 심플한 디자인, 적당히 도톰한 소재로 비침 없는 반팔티'	, 5 	,'신상'	, 11	,3	,10	),	(1114	, 1	, 'blackT'	, 5000	,'데일리룩 연출하기 좋은 심플한 디자인, 적당히 도톰한 소재로 비침 없는 반팔티'	, 5 	,'신상'	, 11	,4	,10	),	(1115	, 1	, 'blackT'	, 5000	,'데일리룩 연출하기 좋은 심플한 디자인, 적당히 도톰한 소재로 비침 없는 반팔티'	, 5 	,'신상'	, 11	,5	,10	),
(1031	, 1	, 'grayT'	, 5000	,'부드러운 촉감에 적당한 두께감이 입을수록 편안합니다. 목부터 어깨 선 까지 체인스티치로 변형 및 늘어짐이 없습니다. 세탁시 줄어듬이 최소화 되도록 워싱 프로세스를 거쳤습니다.'	, 5 	,'세일'	, 3	,1	,10	),	(1032	, 1	, 'grayT'	, 5000	,'부드러운 촉감에 적당한 두께감이 입을수록 편안합니다. 목부터 어깨 선 까지 체인스티치로 변형 및 늘어짐이 없습니다. 세탁시 줄어듬이 최소화 되도록 워싱 프로세스를 거쳤습니다.'	, 5 	,'세일'	, 3	,2	,10	),	(1033	, 1	, 'grayT'	, 5000	,'부드러운 촉감에 적당한 두께감이 입을수록 편안합니다. 목부터 어깨 선 까지 체인스티치로 변형 및 늘어짐이 없습니다. 세탁시 줄어듬이 최소화 되도록 워싱 프로세스를 거쳤습니다.'	, 5 	,'세일'	, 3	,3	,10	),	(1034	, 1	, 'grayT'	, 5000	,'부드러운 촉감에 적당한 두께감이 입을수록 편안합니다. 목부터 어깨 선 까지 체인스티치로 변형 및 늘어짐이 없습니다. 세탁시 줄어듬이 최소화 되도록 워싱 프로세스를 거쳤습니다.'	, 5 	,'세일'	, 3	,4	,10	),	(1035	, 1	, 'grayT'	, 5000	,'부드러운 촉감에 적당한 두께감이 입을수록 편안합니다. 목부터 어깨 선 까지 체인스티치로 변형 및 늘어짐이 없습니다. 세탁시 줄어듬이 최소화 되도록 워싱 프로세스를 거쳤습니다.'	, 5 	,'세일'	, 3	,5	,10	),
(1091	, 1	, 'navyT'	, 5000	,'원단 겉면의 털을 깍는 샤링 작업을 통하여 부드러운 겉면을 연출했습니다. 부드러운 안감의 실켓 코튼으로 이루어진 세미오버핏 실루엣으로 편안하지만 꾸민듯한 분위기를 연출합니다.'	, 5 	,'추천'	, 9	,1	,10	),	(1092	, 1	, 'navyT'	, 5000	,'원단 겉면의 털을 깍는 샤링 작업을 통하여 부드러운 겉면을 연출했습니다. 부드러운 안감의 실켓 코튼으로 이루어진 세미오버핏 실루엣으로 편안하지만 꾸민듯한 분위기를 연출합니다.'	, 5 	,'추천'	, 9	,2	,10	),	(1093	, 1	, 'navyT'	, 5000	,'원단 겉면의 털을 깍는 샤링 작업을 통하여 부드러운 겉면을 연출했습니다. 부드러운 안감의 실켓 코튼으로 이루어진 세미오버핏 실루엣으로 편안하지만 꾸민듯한 분위기를 연출합니다.'	, 5 	,'추천'	, 9	,3	,10	),	(1094	, 1	, 'navyT'	, 5000	,'원단 겉면의 털을 깍는 샤링 작업을 통하여 부드러운 겉면을 연출했습니다. 부드러운 안감의 실켓 코튼으로 이루어진 세미오버핏 실루엣으로 편안하지만 꾸민듯한 분위기를 연출합니다.'	, 5 	,'추천'	, 9	,4	,10	),	(1095	, 1	, 'navyT'	, 5000	,'원단 겉면의 털을 깍는 샤링 작업을 통하여 부드러운 겉면을 연출했습니다. 부드러운 안감의 실켓 코튼으로 이루어진 세미오버핏 실루엣으로 편안하지만 꾸민듯한 분위기를 연출합니다.'	, 5 	,'추천'	, 9	,5	,10	),
(1141	, 1	, 'blueT'	, 4000	,' 단품으로 입기에도 부담이 없는 실용적인 아이템입니다. 탄탄한 원단으로 실루엣 핏이 잘 유지됩니다.'	, 5 	,'신상'	, 14	,1	,10	),	(1142	, 1	, 'blueT'	, 4000	,' 단품으로 입기에도 부담이 없는 실용적인 아이템입니다. 탄탄한 원단으로 실루엣 핏이 잘 유지됩니다.'	, 5 	,'신상'	, 14	,2	,10	),	(1143	, 1	, 'blueT'	, 4000	,' 단품으로 입기에도 부담이 없는 실용적인 아이템입니다. 탄탄한 원단으로 실루엣 핏이 잘 유지됩니다.'	, 5 	,'신상'	, 14	,3	,10	),	(1144	, 1	, 'blueT'	, 4000	,' 단품으로 입기에도 부담이 없는 실용적인 아이템입니다. 탄탄한 원단으로 실루엣 핏이 잘 유지됩니다.'	, 5 	,'신상'	, 14	,4	,10	),	(1145	, 1	, 'blueT'	, 4000	,' 단품으로 입기에도 부담이 없는 실용적인 아이템입니다. 탄탄한 원단으로 실루엣 핏이 잘 유지됩니다.'	, 5 	,'신상'	, 14	,5	,10	),
(1041	, 1	, 'pinkT'	, 5000	,' 감각적인 컬러감과 예쁜 핏감이 매력적인 온츠 심볼 크롭 티셔츠입니다. 후면의 톤온톤 심볼 자수를 더해 티셔츠 하나만으로 포인트가 되는 스타일리시한 아이템입니다.'	, 5 	,'최고'	, 4	,1	,10	),	(1042	, 1	, 'pinkT'	, 5000	,' 감각적인 컬러감과 예쁜 핏감이 매력적인 온츠 심볼 크롭 티셔츠입니다. 후면의 톤온톤 심볼 자수를 더해 티셔츠 하나만으로 포인트가 되는 스타일리시한 아이템입니다.'	, 5 	,'최고'	, 4	,2	,10	),	(1043	, 1	, 'pinkT'	, 5000	,' 감각적인 컬러감과 예쁜 핏감이 매력적인 온츠 심볼 크롭 티셔츠입니다. 후면의 톤온톤 심볼 자수를 더해 티셔츠 하나만으로 포인트가 되는 스타일리시한 아이템입니다.'	, 5 	,'최고'	, 4	,3	,10	),	(1044	, 1	, 'pinkT'	, 5000	,' 감각적인 컬러감과 예쁜 핏감이 매력적인 온츠 심볼 크롭 티셔츠입니다. 후면의 톤온톤 심볼 자수를 더해 티셔츠 하나만으로 포인트가 되는 스타일리시한 아이템입니다.'	, 5 	,'최고'	, 4	,4	,10	),	(1045	, 1	, 'pinkT'	, 5000	,' 감각적인 컬러감과 예쁜 핏감이 매력적인 온츠 심볼 크롭 티셔츠입니다. 후면의 톤온톤 심볼 자수를 더해 티셔츠 하나만으로 포인트가 되는 스타일리시한 아이템입니다.'	, 5 	,'최고'	, 4	,5	,10	),
(2091	, 2	, 'navyLong'	, 6000	,'한 시즌만 착용하고 버려지는 저가의 원단이 아닌 오랫동안 착용할 수 있도록 품절에 신경 쓴 티셔츠입니다. 기본적인 워싱 과정들을 거쳐 변형이나 축률이 거의 없으며 넥라인 시보리는 탄탄한 내구성을 지녔습니다.'	, 5 	,'세일'	, 9	,1	,10	),	(2092	, 2	, 'navyLong'	, 6000	,'한 시즌만 착용하고 버려지는 저가의 원단이 아닌 오랫동안 착용할 수 있도록 품절에 신경 쓴 티셔츠입니다. 기본적인 워싱 과정들을 거쳐 변형이나 축률이 거의 없으며 넥라인 시보리는 탄탄한 내구성을 지녔습니다.'	, 5 	,'세일'	, 9	,2	,10	),	(2093	, 2	, 'navyLong'	, 6000	,'한 시즌만 착용하고 버려지는 저가의 원단이 아닌 오랫동안 착용할 수 있도록 품절에 신경 쓴 티셔츠입니다. 기본적인 워싱 과정들을 거쳐 변형이나 축률이 거의 없으며 넥라인 시보리는 탄탄한 내구성을 지녔습니다.'	, 5 	,'세일'	, 9	,3	,10	),	(2094	, 2	, 'navyLong'	, 6000	,'한 시즌만 착용하고 버려지는 저가의 원단이 아닌 오랫동안 착용할 수 있도록 품절에 신경 쓴 티셔츠입니다. 기본적인 워싱 과정들을 거쳐 변형이나 축률이 거의 없으며 넥라인 시보리는 탄탄한 내구성을 지녔습니다.'	, 5 	,'세일'	, 9	,4	,10	),	(2095	, 2	, 'navyLong'	, 6000	,'한 시즌만 착용하고 버려지는 저가의 원단이 아닌 오랫동안 착용할 수 있도록 품절에 신경 쓴 티셔츠입니다. 기본적인 워싱 과정들을 거쳐 변형이나 축률이 거의 없으며 넥라인 시보리는 탄탄한 내구성을 지녔습니다.'	, 5 	,'세일'	, 9	,5	,10	),
(2061	, 2	, 'mintLong'	, 7000	,' 독특한 파임의 롱 슬리브 티셔츠입니다. 과하지 않은 넥 파임과 전면의 사선 절개 디자인으로 포인트를 주었습니다. 신축성이 좋고 비침이 있는 소재를 사용해 초여름까지 착용하시기 좋은 제품입니다.'	, 5 	,'추천'	, 6	,1	,10	),	(2062	, 2	, 'mintLong'	, 7000	,' 독특한 파임의 롱 슬리브 티셔츠입니다. 과하지 않은 넥 파임과 전면의 사선 절개 디자인으로 포인트를 주었습니다. 신축성이 좋고 비침이 있는 소재를 사용해 초여름까지 착용하시기 좋은 제품입니다.'	, 5 	,'추천'	, 6	,2	,10	),	(2063	, 2	, 'mintLong'	, 7000	,' 독특한 파임의 롱 슬리브 티셔츠입니다. 과하지 않은 넥 파임과 전면의 사선 절개 디자인으로 포인트를 주었습니다. 신축성이 좋고 비침이 있는 소재를 사용해 초여름까지 착용하시기 좋은 제품입니다.'	, 5 	,'추천'	, 6	,3	,10	),	(2064	, 2	, 'mintLong'	, 7000	,' 독특한 파임의 롱 슬리브 티셔츠입니다. 과하지 않은 넥 파임과 전면의 사선 절개 디자인으로 포인트를 주었습니다. 신축성이 좋고 비침이 있는 소재를 사용해 초여름까지 착용하시기 좋은 제품입니다.'	, 5 	,'추천'	, 6	,4	,10	),	(2065	, 2	, 'mintLong'	, 7000	,' 독특한 파임의 롱 슬리브 티셔츠입니다. 과하지 않은 넥 파임과 전면의 사선 절개 디자인으로 포인트를 주었습니다. 신축성이 좋고 비침이 있는 소재를 사용해 초여름까지 착용하시기 좋은 제품입니다.'	, 5 	,'추천'	, 6	,5	,10	),
(2121	, 2	, 'brownLong'	, 8000	,' 스웻에 사용된 리브은 탄력이 굉장히 높은 사양으로 되어 있습니다. 트랜디한 오버사이즈와 저스트 사이즈를 모두 커버할수 있는 실루엣을 가지고 있습니다.'	, 5 	,'추천'	, 12	,1	,10	),	(2122	, 2	, 'brownLong'	, 8000	,' 스웻에 사용된 리브은 탄력이 굉장히 높은 사양으로 되어 있습니다. 트랜디한 오버사이즈와 저스트 사이즈를 모두 커버할수 있는 실루엣을 가지고 있습니다.'	, 5 	,'추천'	, 12	,2	,10	),	(2123	, 2	, 'brownLong'	, 8000	,' 스웻에 사용된 리브은 탄력이 굉장히 높은 사양으로 되어 있습니다. 트랜디한 오버사이즈와 저스트 사이즈를 모두 커버할수 있는 실루엣을 가지고 있습니다.'	, 5 	,'추천'	, 12	,3	,10	),	(2124	, 2	, 'brownLong'	, 8000	,' 스웻에 사용된 리브은 탄력이 굉장히 높은 사양으로 되어 있습니다. 트랜디한 오버사이즈와 저스트 사이즈를 모두 커버할수 있는 실루엣을 가지고 있습니다.'	, 5 	,'추천'	, 12	,4	,10	),	(2125	, 2	, 'brownLong'	, 8000	,' 스웻에 사용된 리브은 탄력이 굉장히 높은 사양으로 되어 있습니다. 트랜디한 오버사이즈와 저스트 사이즈를 모두 커버할수 있는 실루엣을 가지고 있습니다.'	, 5 	,'추천'	, 12	,5	,10	),
(2111	, 2	, 'blackLong'	, 9000	,'라이트하고 드라이한 텍스처로 산뜻한 착용감을 선사함은 물론 부드럽게 떨어지는 실루엣으로 바디 라인을 더욱 가녀리게 표현해줍니다. 슬릿 디테일을 미니멀하게 수정하였으며 많은 고객님들 의견에 따라 언밸런스했던 기장을 맞춰 한층 깔끔한 아웃핏으로 완성시켜 주었습니다.'	, 5 	,'신상'	, 11	,1	,10	),	(2112	, 2	, 'blackLong'	, 9000	,'라이트하고 드라이한 텍스처로 산뜻한 착용감을 선사함은 물론 부드럽게 떨어지는 실루엣으로 바디 라인을 더욱 가녀리게 표현해줍니다. 슬릿 디테일을 미니멀하게 수정하였으며 많은 고객님들 의견에 따라 언밸런스했던 기장을 맞춰 한층 깔끔한 아웃핏으로 완성시켜 주었습니다.'	, 5 	,'신상'	, 11	,2	,10	),	(2113	, 2	, 'blackLong'	, 9000	,'라이트하고 드라이한 텍스처로 산뜻한 착용감을 선사함은 물론 부드럽게 떨어지는 실루엣으로 바디 라인을 더욱 가녀리게 표현해줍니다. 슬릿 디테일을 미니멀하게 수정하였으며 많은 고객님들 의견에 따라 언밸런스했던 기장을 맞춰 한층 깔끔한 아웃핏으로 완성시켜 주었습니다.'	, 5 	,'신상'	, 11	,3	,10	),	(2114	, 2	, 'blackLong'	, 9000	,'라이트하고 드라이한 텍스처로 산뜻한 착용감을 선사함은 물론 부드럽게 떨어지는 실루엣으로 바디 라인을 더욱 가녀리게 표현해줍니다. 슬릿 디테일을 미니멀하게 수정하였으며 많은 고객님들 의견에 따라 언밸런스했던 기장을 맞춰 한층 깔끔한 아웃핏으로 완성시켜 주었습니다.'	, 5 	,'신상'	, 11	,4	,10	),	(2115	, 2	, 'blackLong'	, 9000	,'라이트하고 드라이한 텍스처로 산뜻한 착용감을 선사함은 물론 부드럽게 떨어지는 실루엣으로 바디 라인을 더욱 가녀리게 표현해줍니다. 슬릿 디테일을 미니멀하게 수정하였으며 많은 고객님들 의견에 따라 언밸런스했던 기장을 맞춰 한층 깔끔한 아웃핏으로 완성시켜 주었습니다.'	, 5 	,'신상'	, 11	,5	,10	),
(2021	, 2	, 'ivoryLong'	, 8000	,' 오버사이즈 핏의 롱 슬리브 남녀 공용 티셔츠입니다. 앞쪽에 보이는 속주머니의 아웃라인 스티치와 테이즈 로고 그래픽이 포인트인 아이템입니다. 다양한 아이템과 쉽게 스타일링 하실 수 있는 아이템입니다.'	, 5 	,'최고'	, 2	,1	,10	),	(2022	, 2	, 'ivoryLong'	, 8000	,' 오버사이즈 핏의 롱 슬리브 남녀 공용 티셔츠입니다. 앞쪽에 보이는 속주머니의 아웃라인 스티치와 테이즈 로고 그래픽이 포인트인 아이템입니다. 다양한 아이템과 쉽게 스타일링 하실 수 있는 아이템입니다.'	, 5 	,'최고'	, 2	,2	,10	),	(2023	, 2	, 'ivoryLong'	, 8000	,' 오버사이즈 핏의 롱 슬리브 남녀 공용 티셔츠입니다. 앞쪽에 보이는 속주머니의 아웃라인 스티치와 테이즈 로고 그래픽이 포인트인 아이템입니다. 다양한 아이템과 쉽게 스타일링 하실 수 있는 아이템입니다.'	, 5 	,'최고'	, 2	,3	,10	),	(2024	, 2	, 'ivoryLong'	, 8000	,' 오버사이즈 핏의 롱 슬리브 남녀 공용 티셔츠입니다. 앞쪽에 보이는 속주머니의 아웃라인 스티치와 테이즈 로고 그래픽이 포인트인 아이템입니다. 다양한 아이템과 쉽게 스타일링 하실 수 있는 아이템입니다.'	, 5 	,'최고'	, 2	,4	,10	),	(2025	, 2	, 'ivoryLong'	, 8000	,' 오버사이즈 핏의 롱 슬리브 남녀 공용 티셔츠입니다. 앞쪽에 보이는 속주머니의 아웃라인 스티치와 테이즈 로고 그래픽이 포인트인 아이템입니다. 다양한 아이템과 쉽게 스타일링 하실 수 있는 아이템입니다.'	, 5 	,'최고'	, 2	,5	,10	),
(3151	, 3	, 'redSleev'	, 9000	,'스판이 함유된 얇은 면 소재입니다. 자켓등 이너로 스타일링 하기 좋습니다. 체형마다 다르지만 최대한 이너라인에 맞춰 디자인 되었습니다.'	, 5 	,'최고'	, 15	,1	,10	),	(3152	, 3	, 'redSleev'	, 9000	,'스판이 함유된 얇은 면 소재입니다. 자켓등 이너로 스타일링 하기 좋습니다. 체형마다 다르지만 최대한 이너라인에 맞춰 디자인 되었습니다.'	, 5 	,'최고'	, 15	,2	,10	),	(3153	, 3	, 'redSleev'	, 9000	,'스판이 함유된 얇은 면 소재입니다. 자켓등 이너로 스타일링 하기 좋습니다. 체형마다 다르지만 최대한 이너라인에 맞춰 디자인 되었습니다.'	, 5 	,'최고'	, 15	,3	,10	),	(3154	, 3	, 'redSleev'	, 9000	,'스판이 함유된 얇은 면 소재입니다. 자켓등 이너로 스타일링 하기 좋습니다. 체형마다 다르지만 최대한 이너라인에 맞춰 디자인 되었습니다.'	, 5 	,'최고'	, 15	,4	,10	),	(3155	, 3	, 'redSleev'	, 9000	,'스판이 함유된 얇은 면 소재입니다. 자켓등 이너로 스타일링 하기 좋습니다. 체형마다 다르지만 최대한 이너라인에 맞춰 디자인 되었습니다.'	, 5 	,'최고'	, 15	,5	,10	),
(3121	, 3	, 'brownSleev'	, 8000	,' 이너로 활용도가 높은 린넨 소재 끈 나시입니다. 가볍고 시원한 착용감이 특징이며, 아우터 안에 활용하기 좋습니다.'	, 5 	,'최고'	, 12	,1	,10	),	(3122	, 3	, 'brownSleev'	, 8000	,' 이너로 활용도가 높은 린넨 소재 끈 나시입니다. 가볍고 시원한 착용감이 특징이며, 아우터 안에 활용하기 좋습니다.'	, 5 	,'최고'	, 12	,2	,10	),	(3123	, 3	, 'brownSleev'	, 8000	,' 이너로 활용도가 높은 린넨 소재 끈 나시입니다. 가볍고 시원한 착용감이 특징이며, 아우터 안에 활용하기 좋습니다.'	, 5 	,'최고'	, 12	,3	,10	),	(3124	, 3	, 'brownSleev'	, 8000	,' 이너로 활용도가 높은 린넨 소재 끈 나시입니다. 가볍고 시원한 착용감이 특징이며, 아우터 안에 활용하기 좋습니다.'	, 5 	,'최고'	, 12	,4	,10	),	(3125	, 3	, 'brownSleev'	, 8000	,' 이너로 활용도가 높은 린넨 소재 끈 나시입니다. 가볍고 시원한 착용감이 특징이며, 아우터 안에 활용하기 좋습니다.'	, 5 	,'최고'	, 12	,5	,10	),
(3111	, 3	, 'blackSleev'	, 7000	,'노출과 시원함을 모두 만족시키는 적절한 정도의 파임으로 부담 없이 입을 수 있는 슬리브리스 제품입니다. 군더더기 없는 디자인으로 이너로 받쳐입기에도, 단독으로 착용하기에도 적당합니다.'	, 5 	,'신상'	, 11	,1	,10	),	(3112	, 3	, 'blackSleev'	, 7000	,'노출과 시원함을 모두 만족시키는 적절한 정도의 파임으로 부담 없이 입을 수 있는 슬리브리스 제품입니다. 군더더기 없는 디자인으로 이너로 받쳐입기에도, 단독으로 착용하기에도 적당합니다.'	, 5 	,'신상'	, 11	,2	,10	),	(3113	, 3	, 'blackSleev'	, 7000	,'노출과 시원함을 모두 만족시키는 적절한 정도의 파임으로 부담 없이 입을 수 있는 슬리브리스 제품입니다. 군더더기 없는 디자인으로 이너로 받쳐입기에도, 단독으로 착용하기에도 적당합니다.'	, 5 	,'신상'	, 11	,3	,10	),	(3114	, 3	, 'blackSleev'	, 7000	,'노출과 시원함을 모두 만족시키는 적절한 정도의 파임으로 부담 없이 입을 수 있는 슬리브리스 제품입니다. 군더더기 없는 디자인으로 이너로 받쳐입기에도, 단독으로 착용하기에도 적당합니다.'	, 5 	,'신상'	, 11	,4	,10	),	(3115	, 3	, 'blackSleev'	, 7000	,'노출과 시원함을 모두 만족시키는 적절한 정도의 파임으로 부담 없이 입을 수 있는 슬리브리스 제품입니다. 군더더기 없는 디자인으로 이너로 받쳐입기에도, 단독으로 착용하기에도 적당합니다.'	, 5 	,'신상'	, 11	,5	,10	),
(3141	, 3	, 'blueSleev'	, 6000	,'클래식한 디자인의 니트 슬리브리스 보트 넥 라인 디테일 플레인 조직'	, 5 	,'세일'	, 14	,1	,10	),	(3142	, 3	, 'blueSleev'	, 6000	,'클래식한 디자인의 니트 슬리브리스 보트 넥 라인 디테일 플레인 조직'	, 5 	,'세일'	, 14	,2	,10	),	(3143	, 3	, 'blueSleev'	, 6000	,'클래식한 디자인의 니트 슬리브리스 보트 넥 라인 디테일 플레인 조직'	, 5 	,'세일'	, 14	,3	,10	),	(3144	, 3	, 'blueSleev'	, 6000	,'클래식한 디자인의 니트 슬리브리스 보트 넥 라인 디테일 플레인 조직'	, 5 	,'세일'	, 14	,4	,10	),	(3145	, 3	, 'blueSleev'	, 6000	,'클래식한 디자인의 니트 슬리브리스 보트 넥 라인 디테일 플레인 조직'	, 5 	,'세일'	, 14	,5	,10	),
(3021	, 3	, 'ivorySleev'	, 5000	,'흡습성 및 항균성이 좋은 닥나무 한지사 혼방 원사 드라이한 스킨쉽과 뛰어난 통기성 한여름에도 착용 가능한 가벼운 중량감과 소재'	, 5 	,'세일'	, 2	,1	,10	),	(3022	, 3	, 'ivorySleev'	, 5000	,'흡습성 및 항균성이 좋은 닥나무 한지사 혼방 원사 드라이한 스킨쉽과 뛰어난 통기성 한여름에도 착용 가능한 가벼운 중량감과 소재'	, 5 	,'세일'	, 2	,2	,10	),	(3023	, 3	, 'ivorySleev'	, 5000	,'흡습성 및 항균성이 좋은 닥나무 한지사 혼방 원사 드라이한 스킨쉽과 뛰어난 통기성 한여름에도 착용 가능한 가벼운 중량감과 소재'	, 5 	,'세일'	, 2	,3	,10	),	(3024	, 3	, 'ivorySleev'	, 5000	,'흡습성 및 항균성이 좋은 닥나무 한지사 혼방 원사 드라이한 스킨쉽과 뛰어난 통기성 한여름에도 착용 가능한 가벼운 중량감과 소재'	, 5 	,'세일'	, 2	,4	,10	),	(3025	, 3	, 'ivorySleev'	, 5000	,'흡습성 및 항균성이 좋은 닥나무 한지사 혼방 원사 드라이한 스킨쉽과 뛰어난 통기성 한여름에도 착용 가능한 가벼운 중량감과 소재'	, 5 	,'세일'	, 2	,5	,10	),
(4041	, 4	, 'AUTHENTIC PINK'	,45000	,'비비드한 색감과 자수 로고가 포인트인 후드. 향균 가공 원단을 사용하여 내구성과 색채 안정성을 높였습니다.'	,10	,'신상'	,4	,1	,10	),	(4042	, 4	, 'AUTHENTIC PINK'	,45000	,'비비드한 색감과 자수 로고가 포인트인 후드. 향균 가공 원단을 사용하여 내구성과 색채 안정성을 높였습니다.'	,10	,'신상'	,4	,2	,10	),	(4043	, 4	, 'AUTHENTIC PINK'	,45000	,'비비드한 색감과 자수 로고가 포인트인 후드. 향균 가공 원단을 사용하여 내구성과 색채 안정성을 높였습니다.'	,10	,'신상'	,4	,3	,10	),	(4044	, 4	, 'AUTHENTIC PINK'	,45000	,'비비드한 색감과 자수 로고가 포인트인 후드. 향균 가공 원단을 사용하여 내구성과 색채 안정성을 높였습니다.'	,10	,'신상'	,4	,4	,10	),	(4045	, 4	, 'AUTHENTIC PINK'	,45000	,'비비드한 색감과 자수 로고가 포인트인 후드. 향균 가공 원단을 사용하여 내구성과 색채 안정성을 높였습니다.'	,10	,'신상'	,4	,5	,10	),
(4071	, 4	, 'ARCH HOODIE GREEN'	,35000	,'CALIFORNIA ARCH 그래픽에 입체감이 있는 발포나염으로 후드 정면 부분을 장식하여 스포티하면서도 캐주얼한 무드에 멋스러운 제품입니다. 전체적으로 여유 있고 일자로 떨어지는 핏입니다.'	,10	,'최고'	,7	,1	,10	),	(4072	, 4	, 'ARCH HOODIE GREEN'	,35000	,'CALIFORNIA ARCH 그래픽에 입체감이 있는 발포나염으로 후드 정면 부분을 장식하여 스포티하면서도 캐주얼한 무드에 멋스러운 제품입니다. 전체적으로 여유 있고 일자로 떨어지는 핏입니다.'	,10	,'최고'	,7	,2	,10	),	(4073	, 4	, 'ARCH HOODIE GREEN'	,35000	,'CALIFORNIA ARCH 그래픽에 입체감이 있는 발포나염으로 후드 정면 부분을 장식하여 스포티하면서도 캐주얼한 무드에 멋스러운 제품입니다. 전체적으로 여유 있고 일자로 떨어지는 핏입니다.'	,10	,'최고'	,7	,3	,10	),	(4074	, 4	, 'ARCH HOODIE GREEN'	,35000	,'CALIFORNIA ARCH 그래픽에 입체감이 있는 발포나염으로 후드 정면 부분을 장식하여 스포티하면서도 캐주얼한 무드에 멋스러운 제품입니다. 전체적으로 여유 있고 일자로 떨어지는 핏입니다.'	,10	,'최고'	,7	,4	,10	),	(4075	, 4	, 'ARCH HOODIE GREEN'	,35000	,'CALIFORNIA ARCH 그래픽에 입체감이 있는 발포나염으로 후드 정면 부분을 장식하여 스포티하면서도 캐주얼한 무드에 멋스러운 제품입니다. 전체적으로 여유 있고 일자로 떨어지는 핏입니다.'	,10	,'최고'	,7	,5	,10	),
(4091	, 4	, 'Bear Hoodie Navy'	,35000	,'셋업으로 즐겨입기 좋으며, 아우터와 용이한 코디를 위해 스트링이 없는 후드 디자인입니다. 기성 제품 핏과는 다르게 가슴품이 좀 더 큰 오버핏으로 연출됩니다.'	,10	,'최고'	,9	,1	,10	),	(4092	, 4	, 'Bear Hoodie Navy'	,35000	,'셋업으로 즐겨입기 좋으며, 아우터와 용이한 코디를 위해 스트링이 없는 후드 디자인입니다. 기성 제품 핏과는 다르게 가슴품이 좀 더 큰 오버핏으로 연출됩니다.'	,10	,'최고'	,9	,2	,10	),	(4093	, 4	, 'Bear Hoodie Navy'	,35000	,'셋업으로 즐겨입기 좋으며, 아우터와 용이한 코디를 위해 스트링이 없는 후드 디자인입니다. 기성 제품 핏과는 다르게 가슴품이 좀 더 큰 오버핏으로 연출됩니다.'	,10	,'최고'	,9	,3	,10	),	(4094	, 4	, 'Bear Hoodie Navy'	,35000	,'셋업으로 즐겨입기 좋으며, 아우터와 용이한 코디를 위해 스트링이 없는 후드 디자인입니다. 기성 제품 핏과는 다르게 가슴품이 좀 더 큰 오버핏으로 연출됩니다.'	,10	,'최고'	,9	,4	,10	),	(4095	, 4	, 'Bear Hoodie Navy'	,35000	,'셋업으로 즐겨입기 좋으며, 아우터와 용이한 코디를 위해 스트링이 없는 후드 디자인입니다. 기성 제품 핏과는 다르게 가슴품이 좀 더 큰 오버핏으로 연출됩니다.'	,10	,'최고'	,9	,5	,10	),
(4031	, 4	, 'Crop Hoodie Gray'	,25000	,'가슴쪽 L.e.e.y 심볼로고 자수 포인트가 특징인 후드입니다. 과하지 않고 부담 없는 크롭 기장에 깔끔하고 베이직한 디자인입니다.'	,10	,'신상'	,3	,1	,10	),	(4032	, 4	, 'Crop Hoodie Gray'	,25000	,'가슴쪽 L.e.e.y 심볼로고 자수 포인트가 특징인 후드입니다. 과하지 않고 부담 없는 크롭 기장에 깔끔하고 베이직한 디자인입니다.'	,10	,'신상'	,3	,2	,10	),	(4033	, 4	, 'Crop Hoodie Gray'	,25000	,'가슴쪽 L.e.e.y 심볼로고 자수 포인트가 특징인 후드입니다. 과하지 않고 부담 없는 크롭 기장에 깔끔하고 베이직한 디자인입니다.'	,10	,'신상'	,3	,3	,10	),	(4034	, 4	, 'Crop Hoodie Gray'	,25000	,'가슴쪽 L.e.e.y 심볼로고 자수 포인트가 특징인 후드입니다. 과하지 않고 부담 없는 크롭 기장에 깔끔하고 베이직한 디자인입니다.'	,10	,'신상'	,3	,4	,10	),	(4035	, 4	, 'Crop Hoodie Gray'	,25000	,'가슴쪽 L.e.e.y 심볼로고 자수 포인트가 특징인 후드입니다. 과하지 않고 부담 없는 크롭 기장에 깔끔하고 베이직한 디자인입니다.'	,10	,'신상'	,3	,5	,10	),
(4111	, 4	, 'SOFT HOODIE Black'	,25000	,'긴장이 풀어져 휴식을 취하듯 편안하게 입을 수 있는 후디입니다. 옷을 착용했을 때 느껴지는 신체적 스트레스를 최소화하기 위하여 디테일한 부분까지 유연하게 처리하였습니다.'	,10	,'추천'	,11	,1	,10	),	(4112	, 4	, 'SOFT HOODIE Black'	,25000	,'긴장이 풀어져 휴식을 취하듯 편안하게 입을 수 있는 후디입니다. 옷을 착용했을 때 느껴지는 신체적 스트레스를 최소화하기 위하여 디테일한 부분까지 유연하게 처리하였습니다.'	,10	,'추천'	,11	,2	,10	),	(4113	, 4	, 'SOFT HOODIE Black'	,25000	,'긴장이 풀어져 휴식을 취하듯 편안하게 입을 수 있는 후디입니다. 옷을 착용했을 때 느껴지는 신체적 스트레스를 최소화하기 위하여 디테일한 부분까지 유연하게 처리하였습니다.'	,10	,'추천'	,11	,3	,10	),	(4114	, 4	, 'SOFT HOODIE Black'	,25000	,'긴장이 풀어져 휴식을 취하듯 편안하게 입을 수 있는 후디입니다. 옷을 착용했을 때 느껴지는 신체적 스트레스를 최소화하기 위하여 디테일한 부분까지 유연하게 처리하였습니다.'	,10	,'추천'	,11	,4	,10	),	(4115	, 4	, 'SOFT HOODIE Black'	,25000	,'긴장이 풀어져 휴식을 취하듯 편안하게 입을 수 있는 후디입니다. 옷을 착용했을 때 느껴지는 신체적 스트레스를 최소화하기 위하여 디테일한 부분까지 유연하게 처리하였습니다.'	,10	,'추천'	,11	,5	,10	),
(5031	, 5	, 'LOLA SHIRT gray'	,55000	,'카라부분과 커프스에 몸판과 다른 배색 솔리드컬러가 특징으로 ,3가지의 스트라이프 컬러가 있으며 과하지 않은 빅카라 디자인의 셔츠입니다.'	,10	,'신상'	,3	,1	,10	),	(5032	, 5	, 'LOLA SHIRT gray'	,55000	,'카라부분과 커프스에 몸판과 다른 배색 솔리드컬러가 특징으로 ,3가지의 스트라이프 컬러가 있으며 과하지 않은 빅카라 디자인의 셔츠입니다.'	,10	,'신상'	,3	,2	,10	),	(5033	, 5	, 'LOLA SHIRT gray'	,55000	,'카라부분과 커프스에 몸판과 다른 배색 솔리드컬러가 특징으로 ,3가지의 스트라이프 컬러가 있으며 과하지 않은 빅카라 디자인의 셔츠입니다.'	,10	,'신상'	,3	,3	,10	),	(5034	, 5	, 'LOLA SHIRT gray'	,55000	,'카라부분과 커프스에 몸판과 다른 배색 솔리드컬러가 특징으로 ,3가지의 스트라이프 컬러가 있으며 과하지 않은 빅카라 디자인의 셔츠입니다.'	,10	,'신상'	,3	,4	,10	),	(5035	, 5	, 'LOLA SHIRT gray'	,55000	,'카라부분과 커프스에 몸판과 다른 배색 솔리드컬러가 특징으로 ,3가지의 스트라이프 컬러가 있으며 과하지 않은 빅카라 디자인의 셔츠입니다.'	,10	,'신상'	,3	,5	,10	),
(5021	, 5	, 'FRIDAY SHIRT (IVORY)'	,55000	,'레귤러 핏의 100%코튼 셔츠 입니다. 아사면이라고 불리는 린넨과 유사한 조직감을 지닌 원단으로 통풍이 좋은 시원한 셔츠입니다.'	,10	,'세일'	,2	,1	,10	),	(5022	, 5	, 'FRIDAY SHIRT (IVORY)'	,55000	,'레귤러 핏의 100%코튼 셔츠 입니다. 아사면이라고 불리는 린넨과 유사한 조직감을 지닌 원단으로 통풍이 좋은 시원한 셔츠입니다.'	,10	,'세일'	,2	,2	,10	),	(5023	, 5	, 'FRIDAY SHIRT (IVORY)'	,55000	,'레귤러 핏의 100%코튼 셔츠 입니다. 아사면이라고 불리는 린넨과 유사한 조직감을 지닌 원단으로 통풍이 좋은 시원한 셔츠입니다.'	,10	,'세일'	,2	,3	,10	),	(5024	, 5	, 'FRIDAY SHIRT (IVORY)'	,55000	,'레귤러 핏의 100%코튼 셔츠 입니다. 아사면이라고 불리는 린넨과 유사한 조직감을 지닌 원단으로 통풍이 좋은 시원한 셔츠입니다.'	,10	,'세일'	,2	,4	,10	),	(5025	, 5	, 'FRIDAY SHIRT (IVORY)'	,55000	,'레귤러 핏의 100%코튼 셔츠 입니다. 아사면이라고 불리는 린넨과 유사한 조직감을 지닌 원단으로 통풍이 좋은 시원한 셔츠입니다.'	,10	,'세일'	,2	,5	,10	),
(5011	, 5	, 'NECK SHIRT white'	,45000	,'크리스피한 코튼 소재를 사용하여 캐주얼하게 착용되는 데일리 셔츠입니다. 박시한 몸판과 와이드한 소매 패턴으로 여유로운 실루엣을 연출합니다.'	,10	,'세일'	,1	,1	,10	),	(5012	, 5	, 'NECK SHIRT white'	,45000	,'크리스피한 코튼 소재를 사용하여 캐주얼하게 착용되는 데일리 셔츠입니다. 박시한 몸판과 와이드한 소매 패턴으로 여유로운 실루엣을 연출합니다.'	,10	,'세일'	,1	,2	,10	),	(5013	, 5	, 'NECK SHIRT white'	,45000	,'크리스피한 코튼 소재를 사용하여 캐주얼하게 착용되는 데일리 셔츠입니다. 박시한 몸판과 와이드한 소매 패턴으로 여유로운 실루엣을 연출합니다.'	,10	,'세일'	,1	,3	,10	),	(5014	, 5	, 'NECK SHIRT white'	,45000	,'크리스피한 코튼 소재를 사용하여 캐주얼하게 착용되는 데일리 셔츠입니다. 박시한 몸판과 와이드한 소매 패턴으로 여유로운 실루엣을 연출합니다.'	,10	,'세일'	,1	,4	,10	),	(5015	, 5	, 'NECK SHIRT white'	,45000	,'크리스피한 코튼 소재를 사용하여 캐주얼하게 착용되는 데일리 셔츠입니다. 박시한 몸판과 와이드한 소매 패턴으로 여유로운 실루엣을 연출합니다.'	,10	,'세일'	,1	,5	,10	),
(5051	, 5	, '풀오버 셔츠 옐로우'	,45000	,'라운드 칼라의 자연친화적인 우든버튼이 달린 셔츠입니다. 다리가 길어보이는 라운딩 마감이 특징이며, 맞주름 디자인으로 더욱 넉넉한 핏을 완성합니다.'	,10	,'세일'	,5	,1	,10	),	(5052	, 5	, '풀오버 셔츠 옐로우'	,45000	,'라운드 칼라의 자연친화적인 우든버튼이 달린 셔츠입니다. 다리가 길어보이는 라운딩 마감이 특징이며, 맞주름 디자인으로 더욱 넉넉한 핏을 완성합니다.'	,10	,'세일'	,5	,2	,10	),	(5053	, 5	, '풀오버 셔츠 옐로우'	,45000	,'라운드 칼라의 자연친화적인 우든버튼이 달린 셔츠입니다. 다리가 길어보이는 라운딩 마감이 특징이며, 맞주름 디자인으로 더욱 넉넉한 핏을 완성합니다.'	,10	,'세일'	,5	,3	,10	),	(5054	, 5	, '풀오버 셔츠 옐로우'	,45000	,'라운드 칼라의 자연친화적인 우든버튼이 달린 셔츠입니다. 다리가 길어보이는 라운딩 마감이 특징이며, 맞주름 디자인으로 더욱 넉넉한 핏을 완성합니다.'	,10	,'세일'	,5	,4	,10	),	(5055	, 5	, '풀오버 셔츠 옐로우'	,45000	,'라운드 칼라의 자연친화적인 우든버튼이 달린 셔츠입니다. 다리가 길어보이는 라운딩 마감이 특징이며, 맞주름 디자인으로 더욱 넉넉한 핏을 완성합니다.'	,10	,'세일'	,5	,5	,10	),
(5081	, 5	, 'CHECK SHIRTS_PURPLE'	,45000	,'코튼 소재로 제작한 LADY VOLUME 체크 플란넬 오버셔츠입니다. 오버사이즈의 박시한 핏이 특징입니다.'	,10	,'세일'	,8	,1	,10	),	(5082	, 5	, 'CHECK SHIRTS_PURPLE'	,45000	,'코튼 소재로 제작한 LADY VOLUME 체크 플란넬 오버셔츠입니다. 오버사이즈의 박시한 핏이 특징입니다.'	,10	,'세일'	,8	,2	,10	),	(5083	, 5	, 'CHECK SHIRTS_PURPLE'	,45000	,'코튼 소재로 제작한 LADY VOLUME 체크 플란넬 오버셔츠입니다. 오버사이즈의 박시한 핏이 특징입니다.'	,10	,'세일'	,8	,3	,10	),	(5084	, 5	, 'CHECK SHIRTS_PURPLE'	,45000	,'코튼 소재로 제작한 LADY VOLUME 체크 플란넬 오버셔츠입니다. 오버사이즈의 박시한 핏이 특징입니다.'	,10	,'세일'	,8	,4	,10	),	(5085	, 5	, 'CHECK SHIRTS_PURPLE'	,45000	,'코튼 소재로 제작한 LADY VOLUME 체크 플란넬 오버셔츠입니다. 오버사이즈의 박시한 핏이 특징입니다.'	,10	,'세일'	,8	,5	,10	),
(6011	, 6	, '크롭 맨투맨 - 화이트'	,55000	,'적당한 크롭 기장감의 피그먼트 크롭 맨투맨. 피그먼트 다잉을 통해 자연스러운 컬러감과 밑단 데끼 디테일로 빈티지한 느낌 완성'	,0	,'신상'	,1	,1	,10	),	(6012	, 6	, '크롭 맨투맨 - 화이트'	,55000	,'적당한 크롭 기장감의 피그먼트 크롭 맨투맨. 피그먼트 다잉을 통해 자연스러운 컬러감과 밑단 데끼 디테일로 빈티지한 느낌 완성'	,0	,'신상'	,1	,2	,10	),	(6013	, 6	, '크롭 맨투맨 - 화이트'	,55000	,'적당한 크롭 기장감의 피그먼트 크롭 맨투맨. 피그먼트 다잉을 통해 자연스러운 컬러감과 밑단 데끼 디테일로 빈티지한 느낌 완성'	,0	,'신상'	,1	,3	,10	),	(6014	, 6	, '크롭 맨투맨 - 화이트'	,55000	,'적당한 크롭 기장감의 피그먼트 크롭 맨투맨. 피그먼트 다잉을 통해 자연스러운 컬러감과 밑단 데끼 디테일로 빈티지한 느낌 완성'	,0	,'신상'	,1	,4	,10	),	(6015	, 6	, '크롭 맨투맨 - 화이트'	,55000	,'적당한 크롭 기장감의 피그먼트 크롭 맨투맨. 피그먼트 다잉을 통해 자연스러운 컬러감과 밑단 데끼 디테일로 빈티지한 느낌 완성'	,0	,'신상'	,1	,5	,10	),
(6091	, 6	, 'CREWNECK KS [NAVY]'	,55000	,'CAL SYMBOL그래픽이 특징인 크루넥으로 밀도와 내구성이 좋은 원단을 사용하여 단품 및 이너로 착용이 가능한 멋스러운 제품입니다.'	,0	,'신상'	,9	,1	,10	),	(6092	, 6	, 'CREWNECK KS [NAVY]'	,55000	,'CAL SYMBOL그래픽이 특징인 크루넥으로 밀도와 내구성이 좋은 원단을 사용하여 단품 및 이너로 착용이 가능한 멋스러운 제품입니다.'	,0	,'신상'	,9	,2	,10	),	(6093	, 6	, 'CREWNECK KS [NAVY]'	,55000	,'CAL SYMBOL그래픽이 특징인 크루넥으로 밀도와 내구성이 좋은 원단을 사용하여 단품 및 이너로 착용이 가능한 멋스러운 제품입니다.'	,0	,'신상'	,9	,3	,10	),	(6094	, 6	, 'CREWNECK KS [NAVY]'	,55000	,'CAL SYMBOL그래픽이 특징인 크루넥으로 밀도와 내구성이 좋은 원단을 사용하여 단품 및 이너로 착용이 가능한 멋스러운 제품입니다.'	,0	,'신상'	,9	,4	,10	),	(6095	, 6	, 'CREWNECK KS [NAVY]'	,55000	,'CAL SYMBOL그래픽이 특징인 크루넥으로 밀도와 내구성이 좋은 원단을 사용하여 단품 및 이너로 착용이 가능한 멋스러운 제품입니다.'	,0	,'신상'	,9	,5	,10	),
(6031	, 6	, 'balloon type (GRAY)'	,45000	,'20수 3합의 고밀도 헤비웨이트 cotton 100% 소재를 사용한 맨투맨. 활용도 높은 캥거루 포켓을 포인트로 적용한 제품입니다.'	,0	,'추천'	,3	,1	,10	),	(6032	, 6	, 'balloon type (GRAY)'	,45000	,'20수 3합의 고밀도 헤비웨이트 cotton 100% 소재를 사용한 맨투맨. 활용도 높은 캥거루 포켓을 포인트로 적용한 제품입니다.'	,0	,'추천'	,3	,2	,10	),	(6033	, 6	, 'balloon type (GRAY)'	,45000	,'20수 3합의 고밀도 헤비웨이트 cotton 100% 소재를 사용한 맨투맨. 활용도 높은 캥거루 포켓을 포인트로 적용한 제품입니다.'	,0	,'추천'	,3	,3	,10	),	(6034	, 6	, 'balloon type (GRAY)'	,45000	,'20수 3합의 고밀도 헤비웨이트 cotton 100% 소재를 사용한 맨투맨. 활용도 높은 캥거루 포켓을 포인트로 적용한 제품입니다.'	,0	,'추천'	,3	,4	,10	),	(6035	, 6	, 'balloon type (GRAY)'	,45000	,'20수 3합의 고밀도 헤비웨이트 cotton 100% 소재를 사용한 맨투맨. 활용도 높은 캥거루 포켓을 포인트로 적용한 제품입니다.'	,0	,'추천'	,3	,5	,10	),
(6021	, 6	, '코지 _IVORY 스웨트셔츠'	,47000	,'언제 어디서나 오랫동안 한결같이 잘 입을 수 있는 스웨트 셔츠. 매일 입어도, 세탁 후에도 변하지 않는 내구성과 편하고 멋스러운 만능 실루엣이 특징입니다.'	,0	,'추천'	,2	,1	,10	),	(6022	, 6	, '코지 _IVORY 스웨트셔츠'	,47000	,'언제 어디서나 오랫동안 한결같이 잘 입을 수 있는 스웨트 셔츠. 매일 입어도, 세탁 후에도 변하지 않는 내구성과 편하고 멋스러운 만능 실루엣이 특징입니다.'	,0	,'추천'	,2	,2	,10	),	(6023	, 6	, '코지 _IVORY 스웨트셔츠'	,47000	,'언제 어디서나 오랫동안 한결같이 잘 입을 수 있는 스웨트 셔츠. 매일 입어도, 세탁 후에도 변하지 않는 내구성과 편하고 멋스러운 만능 실루엣이 특징입니다.'	,0	,'추천'	,2	,3	,10	),	(6024	, 6	, '코지 _IVORY 스웨트셔츠'	,47000	,'언제 어디서나 오랫동안 한결같이 잘 입을 수 있는 스웨트 셔츠. 매일 입어도, 세탁 후에도 변하지 않는 내구성과 편하고 멋스러운 만능 실루엣이 특징입니다.'	,0	,'추천'	,2	,4	,10	),	(6025	, 6	, '코지 _IVORY 스웨트셔츠'	,47000	,'언제 어디서나 오랫동안 한결같이 잘 입을 수 있는 스웨트 셔츠. 매일 입어도, 세탁 후에도 변하지 않는 내구성과 편하고 멋스러운 만능 실루엣이 특징입니다.'	,0	,'추천'	,2	,5	,10	),
(6161	, 6	, '테일러스튜디오(basic) FG 맨투맨'	,30000	,'오버핏 룩으로 하이웨스트와 루즈핏 모두 어울릴 수 있는 드롭핏이 특징인 스웨트 셔츠. 테일러스튜디오의 프리미엄 3단 주리 원단을 사용하였습니다.'	,0	,'신상'	,16	,1	,10	),	(6162	, 6	, '테일러스튜디오(basic) FG 맨투맨'	,30000	,'오버핏 룩으로 하이웨스트와 루즈핏 모두 어울릴 수 있는 드롭핏이 특징인 스웨트 셔츠. 테일러스튜디오의 프리미엄 3단 주리 원단을 사용하였습니다.'	,0	,'신상'	,16	,2	,10	),	(6163	, 6	, '테일러스튜디오(basic) FG 맨투맨'	,30000	,'오버핏 룩으로 하이웨스트와 루즈핏 모두 어울릴 수 있는 드롭핏이 특징인 스웨트 셔츠. 테일러스튜디오의 프리미엄 3단 주리 원단을 사용하였습니다.'	,0	,'신상'	,16	,3	,10	),	(6164	, 6	, '테일러스튜디오(basic) FG 맨투맨'	,30000	,'오버핏 룩으로 하이웨스트와 루즈핏 모두 어울릴 수 있는 드롭핏이 특징인 스웨트 셔츠. 테일러스튜디오의 프리미엄 3단 주리 원단을 사용하였습니다.'	,0	,'신상'	,16	,4	,10	),	(6165	, 6	, '테일러스튜디오(basic) FG 맨투맨'	,30000	,'오버핏 룩으로 하이웨스트와 루즈핏 모두 어울릴 수 있는 드롭핏이 특징인 스웨트 셔츠. 테일러스튜디오의 프리미엄 3단 주리 원단을 사용하였습니다.'	,0	,'신상'	,16	,5	,10	);

-- white = 1, ivory = 2, gray = 3, pink = 4, yellow =5, mint = 6
-- green = 7, purple = 8, navy = 9, black = 11, brown = 12, orange = 13, blue = 14, red=15, basic = 16

-- 제품 이미지
-- pro_img_state가 1이면 메인 이미지 0이면 보조 이미지
INSERT IGNORE INTO proj21_shop.pro_img
		(pro_num , pro_imagefilename, pro_img_state)
values
		(1111, '1113.jpg',1),(1112, '1113.jpg',1),(1113, '1113.jpg',1),(1114, '1113.jpg',1),(1115, '1113.jpg',1),
		(1031, '1033.jpg',1),(1032, '1033.jpg',1),(1033, '1033.jpg',1),(1034, '1033.jpg',1),(1035, '1033.jpg',1),
		(1091, '1093.jpg',1),(1092, '1093.jpg',1),(1093, '1093.jpg',1),(1094, '1093.jpg',1),(1095, '1093.jpg',1),
		(1141, '1143.jpg',1),(1142, '1143.jpg',1),(1143, '1143.jpg',1),(1144, '1143.jpg',1),(1145, '1143.jpg',1),
		(1041, '1043.jpg',1),(1042, '1043.jpg',1),(1043, '1043.jpg',1),(1044, '1043.jpg',1),(1045, '1043.jpg',1),
		(2091, '2093.jpg',1),(2092, '2093.jpg',1),(2093, '2093.jpg',1),(2094, '2093.jpg',1),(2095, '2093.jpg',1),
		(2061, '2063.jpg',1),(2062, '2063.jpg',1),(2063, '2063.jpg',1),(2064, '2063.jpg',1),(2065, '2063.jpg',1),
		(2121, '2123.jpg',1),(2122, '2123.jpg',1),(2123, '2123.jpg',1),(2124, '2123.jpg',1),(2125, '2123.jpg',1),
		(2111, '2113.jpg',1),(2112, '2113.jpg',1),(2113, '2113.jpg',1),(2114, '2113.jpg',1),(2115, '2113.jpg',1),
		(2021, '2023.jpg',1),(2022, '2023.jpg',1),(2023, '2023.jpg',1),(2024, '2023.jpg',1),(2025, '2023.jpg',1),
		(3151, '3153.jpg',1),(3152, '3153.jpg',1),(3153, '3153.jpg',1),(3154, '3153.jpg',1),(3155, '3153.jpg',1),
		(3121, '3123.jpg',1),(3122, '3123.jpg',1),(3123, '3123.jpg',1),(3124, '3123.jpg',1),(3125, '3123.jpg',1),
		(3111, '3113.jpg',1),(3112, '3113.jpg',1),(3113, '3113.jpg',1),(3114, '3113.jpg',1),(3115, '3113.jpg',1),
		(3141, '3143.jpg',1),(3142, '3143.jpg',1),(3143, '3143.jpg',1),(3144, '3143.jpg',1),(3145, '3143.jpg',1),
		(3021, '3023.jpg',1),(3022, '3023.jpg',1),(3023, '3023.jpg',1),(3024, '3023.jpg',1),(3025, '3023.jpg',1),
		(4041, '4043.jpg',1),(4042, '4043.jpg',1),(4043, '4043.jpg',1),(4044, '4043.jpg',1),(4045, '4043.jpg',1),
		(4071, '4073.jpg',1),(4072, '4073.jpg',1),(4073, '4073.jpg',1),(4074, '4073.jpg',1),(4075, '4073.jpg',1),
		(4091, '4093.jpg',1),(4092, '4093.jpg',1),(4093, '4093.jpg',1),(4094, '4093.jpg',1),(4095, '4093.jpg',1),
		(4031, '4033.jpg',1),(4032, '4033.jpg',1),(4033, '4033.jpg',1),(4034, '4033.jpg',1),(4035, '4033.jpg',1),
		(4111, '4113.jpg',1),(4112, '4113.jpg',1),(4113, '4113.jpg',1),(4114, '4113.jpg',1),(4115, '4113.jpg',1),
		(5031, '5033.jpg',1),(5032, '5033.jpg',1),(5033, '5033.jpg',1),(5034, '5033.jpg',1),(5035, '5033.jpg',1),
		(5021, '5023.jpg',1),(5022, '5023.jpg',1),(5023, '5023.jpg',1),(5024, '5023.jpg',1),(5025, '5023.jpg',1),
		(5011, '5013.jpg',1),(5012, '5013.jpg',1),(5013, '5013.jpg',1),(5014, '5013.jpg',1),(5015, '5013.jpg',1),
		(5051, '5053.jpg',1),(5052, '5053.jpg',1),(5053, '5053.jpg',1),(5054, '5053.jpg',1),(5055, '5053.jpg',1),
		(5081, '5083.jpg',1),(5082, '5083.jpg',1),(5083, '5083.jpg',1),(5084, '5083.jpg',1),(5085, '5083.jpg',1),
		(6011, '6013.jpg',1),(6012, '6013.jpg',1),(6013, '6013.jpg',1),(6014, '6013.jpg',1),(6015, '6013.jpg',1),
		(6091, '6093.jpg',1),(6092, '6093.jpg',1),(6093, '6093.jpg',1),(6094, '6093.jpg',1),(6095, '6093.jpg',1),
		(6031, '6033.jpg',1),(6032, '6033.jpg',1),(6033, '6033.jpg',1),(6034, '6033.jpg',1),(6035, '6033.jpg',1),
		(6021, '6023.jpg',1),(6022, '6023.jpg',1),(6023, '6023.jpg',1),(6024, '6023.jpg',1),(6025, '6023.jpg',1),
		(6161, '6163.jpg',1),(6162, '6163.jpg',1),(6163, '6163.jpg',1),(6164, '6163.jpg',1),(6165, '6163.jpg',1);

-- 여기 까지

-- 장바구니
INSERT INTO proj21_shop.cart
		(cart_member_Id, cart_pro_num, cart_pro_quantity)
values
		('test01'	,	5084	,	1),
		('test02'	,	5082	,	2),
		('test02'	,	5083	,	2),
		('test03'	,	4094	,	3),
		('test03'	,	4092	,	3),
		('test03'	,	4093	,	3),
		('test04'	,	5032	,	4),
		('test04'	,	5033	,	4);

-- 주문 
	

INSERT INTO proj21_shop.`order`(order_code,order_member_id,pro_num,order_pro_num,order_member_name,order_pro_quantity,order_price,order_discount,receiver_name,receiver_tel1,receiver_tel2,delivery_addr1,delivery_addr2,delivery_addr3,delivery_status,request_to_delivery,who_pay,which_bank) values
(	1	,		'test01'		,	5084	,	1	,		'월에는'		,	1	,	40500	,	4500	,		'이종윤'		,		'010-1234-5678'		,		'010-1234-5678'		,	54545	,		'대구광역시 남구 봉덕동 이천로 51	',		'2층'		,		'배송중		',		'부재 시 경비실에 맡겨 주세요'	,		'아무개'		,		'국민	'),
(	2	,		'test02'		,	5082	,	2	,		'부정한'		,	1	,	121500	,	4500	,		'이종윤'		,		'010-1234-5678'		,		'010-1234-5678'		,	54546	,		'대구광역시 남구 봉덕동 이천로 51	',		'2층'		,		'반품대기중	',		'부재 시 경비실에 맡겨 주세요'	,		'아무개'		,		'국민	'),
(	3	,		'test02'		,	5083	,	2	,		'부정한'		,	2	,	121500	,	9000	,		'이종윤'		,		'010-1234-5678'		,		'010-1234-5678'		,	54547	,		'대구광역시 남구 봉덕동 이천로 51	',		'3층'		,		'반품대기중	',		'부재 시 경비실에 맡겨 주세요'	,		'아무개'		,		'국민	'),
(	4	,		'test03'		,	4094	,	3	,		'법으로'		,	2	,	126000	,	7000	,		'이종윤'		,		'010-1234-5678'		,		'010-1234-5678'		,	54548	,		'대구광역시 남구 봉덕동 이천로 51	',		'3층'		,		'배송준비중	',		'부재 시 경비실에 맡겨 주세요'	,		'아무개'		,		'국민	'),
(	5	,		'test03'		,	4092	,	3	,		'법으로'		,	1	,	126000	,	3500	,		'이종윤'		,		'010-1234-5678'		,		'010-1234-5678'		,	54549	,		'대구광역시 남구 봉덕동 이천로 51	',		'3층'		,		'배송준비중	',		'부재 시 경비실에 맡겨 주세요'	,		'아무개'		,		'국민	'),
(	6	,		'test03'		,	4093	,	3	,		'법으로'		,	1	,	126000	,	3500	,		'이종윤'		,		'010-1234-5678'		,		'010-1234-5678'		,	54550	,		'대구광역시 남구 봉덕동 이천로 51	',		'3층'		,		'배송준비중	',		'부재 시 경비실에 맡겨 주세요'	,		'아무개'		,		'국민	'),
(	7	,		'test04'		,	5032	,	4	,		'체결된'		,	2	,	297000	,	11000	,		'이종윤'		,		'010-1234-5678'		,		'010-1234-5678'		,	54551	,		'대구광역시 남구 봉덕동 이천로 52	',		'4층'		,		'배송준비중	',		'부재 시 경비실에 맡겨 주세요'	,		'아무개'		,		'국민	'),
(	8	,		'test04'		,	5033	,	4	,		'체결된'		,	1	,	297000	,	5500	,		'이종윤'		,		'010-1234-5678'		,		'010-1234-5678'		,	54552	,		'대구광역시 남구 봉덕동 이천로 53	',		'5층'		,		'배송준비중	',		'부재 시 경비실에 맡겨 주세요'	,		'아무개'		,		'국민	'),
(	9	,		'test04'		,	5034	,	4	,		'체결된'		,	3	,	297000	,	16500	,		'이종윤'		,		'010-1234-5678'		,		'010-1234-5678'		,	54553	,		'대구광역시 남구 봉덕동 이천로 54	',		'6층'		,		'배송준비중	',		'부재 시 경비실에 맡겨 주세요'	,		'아무개'		,		'국민	'),
(	10	,		'test05'		,	1041	,	5	,		'주택공'		,	2	,	42750	,	500		,		'이종윤'		,		'010-1234-5678'		,		'010-1234-5678'		,	54554	,		'대구광역시 남구 봉덕동 이천로 55	',		'7층'		,		'배송중		',		'부재 시 경비실에 맡겨 주세요'	,		'아무개'		,		'국민	'),
(	11	,		'test05'		,	1033	,	5	,		'주택공'		,	4	,	42750	,	1000	,		'이종윤'		,		'010-1234-5678'		,		'010-1234-5678'		,	54555	,		'대구광역시 남구 봉덕동 이천로 56	',		'8층'		,		'배송중		',		'부재 시 경비실에 맡겨 주세요'	,		'아무개'		,		'국민	'),
(	12	,		'test05'		,	2113	,	5	,		'주택공'		,	1	,	42750	,	450		,		'이종윤'		,		'010-1234-5678'		,		'010-1234-5678'		,	54556	,		'대구광역시 남구 봉덕동 이천로 57	',		'9층'		,		'배송중		',		'부재 시 경비실에 맡겨 주세요'	,		'아무개'		,		'국민	'),
(	13	,		'test05'		,	2091	,	5	,		'주택공'		,	1	,	42750	,	300		,		'이종윤'		,		'010-1234-5678'		,		'010-1234-5678'		,	54557	,		'대구광역시 남구 봉덕동 이천로 58	',		'10층'		,		'배송중		',		'부재 시 경비실에 맡겨 주세요'	,		'아무개'		,		'국민	'),
(	14	,		'test06'		,	1043	,	6	,		'급계약'		,	2	,	104750	,	500		,		'이종윤'		,		'010-1234-5678'		,		'010-1234-5678'		,	54558	,		'대구광역시 남구 봉덕동 이천로 59	',		'11층'		,		'배송중		',		'부재 시 경비실에 맡겨 주세요'	,		'아무개'		,		'국민	'),
(	15	,		'test06'		,	4041	,	6	,		'급계약'		,	2	,	104750	,	9000	,		'이종윤'		,		'010-1234-5678'		,		'010-1234-5678'		,	54559	,		'대구광역시 남구 봉덕동 이천로 60	',		'12층'		,		'배송중		',		'부재 시 경비실에 맡겨 주세요'	,		'아무개'		,		'국민	'),
(	16	,		'test06'		,	1031	,	6	,		'급계약'		,	2	,	104750	,	500		,		'이종윤'		,		'010-1234-5678'		,		'010-1234-5678'		,	54560	,		'대구광역시 남구 봉덕동 이천로 61	',		'13층'		,		'배송중		',		'부재 시 경비실에 맡겨 주세요'	,		'아무개'		,		'국민	'),
(	17	,		'test06'		,	1091	,	6	,		'급계약'		,	1	,	104750	,	250		,		'이종윤'		,		'010-1234-5678'		,		'010-1234-5678'		,	54561	,		'대구광역시 남구 봉덕동 이천로 62	',		'14층'		,		'배송중		',		'부재 시 경비실에 맡겨 주세요'	,		'아무개'		,		'국민	'),
(	18	,		'test07'		,	1141	,	7	,		'은반드'		,	3	,	44350	,	600		,		'이종윤'		,		'010-1234-5678'		,		'010-1234-5678'		,	54562	,		'대구광역시 남구 봉덕동 이천로 63	',		'15층'		,		'배송완료		',	    '부재 시 경비실에 맡겨 주세요'	,	    '아무개'		,		'국민	'),
(	19	,		'test07'		,	3141	,	7	,		'은반드'		,	1	,	44350	,	300		,		'이종윤'		,		'010-1234-5678'		,		'010-1234-5678'		,	54563	,		'대구광역시 남구 봉덕동 이천로 64	',		'16층'		,		'배송완료		',	    '부재 시 경비실에 맡겨 주세요'	,	    '아무개'		,		'국민	'),
(	20	,		'test07'		,	3021	,	7	,		'은반드'		,	1	,	44350	,	250		,		'이종윤'		,		'010-1234-5678'		,		'010-1234-5678'		,	54564	,		'대구광역시 남구 봉덕동 이천로 65	',		'17층'		,		'배송완료		',	    '부재 시 경비실에 맡겨 주세요'	,	    '아무개'		,		'국민	'),
(	21	,		'test07'		,	4111	,	7	,		'은반드'		,	1	,	44350	,	2500	,		'이종윤'		,		'010-1234-5678'		,		'010-1234-5678'		,	54565	,		'대구광역시 남구 봉덕동 이천로 66	',		'18층'		,		'배송완료		',	    '부재 시 경비실에 맡겨 주세요'	,	    '아무개'		,		'국민	'),
(	22	,		'test08'		,	4071	,	8	,		'시취소'		,	1	,	184500	,	3500	,		'이종윤'		,		'010-1234-5678'		,		'010-1234-5678'		,	54566	,		'대구광역시 남구 봉덕동 이천로 67	',		'19층'		,		'배송완료		',	    '부재 시 경비실에 맡겨 주세요'	,	    '아무개'		,		'국민	'),
(	23	,		'test08'		,	4091	,	8	,		'시취소'		,	1	,	184500	,	3500	,		'이종윤'		,		'010-1234-5678'		,		'010-1234-5678'		,	54567	,		'대구광역시 남구 봉덕동 이천로 68	',		'20층'		,		'배송완료		',	    '부재 시 경비실에 맡겨 주세요'	,	    '아무개'		,		'국민	'),
(	24	,		'test08'		,	4031	,	8	,		'시취소'		,	1	,	184500	,	2500	,		'이종윤'		,		'010-1234-5678'		,		'010-1234-5678'		,	54568	,		'대구광역시 남구 봉덕동 이천로 69	',		'21층'		,		'배송완료		',	    '부재 시 경비실에 맡겨 주세요'	,	    '아무개'		,		'국민	'),
(	25	,		'test08'		,	5031	,	8	,		'시취소'		,	2	,	184500	,	11000	,		'이종윤'		,		'010-1234-5678'		,		'010-1234-5678'		,	54569	,		'대구광역시 남구 봉덕동 이천로 70	',		'22층'		,		'배송완료		',	    '부재 시 경비실에 맡겨 주세요'	,	    '아무개'		,		'국민	'),
(	26	,		'test09'		,	5011	,	9	,		'되도록'		,	2	,	166750	,	9000	,		'이종윤'		,		'010-1234-5678'		,		'010-1234-5678'		,	54570	,		'대구광역시 남구 봉덕동 이천로 71	',		'23층'		,		'배송완료		',	    '부재 시 경비실에 맡겨 주세요'	,	    '아무개'		,		'국민	'),
(	27	,		'test09'		,	5051	,	9	,		'되도록'		,	1	,	166750	,	4500	,		'이종윤'		,		'010-1234-5678'		,		'010-1234-5678'		,	54571	,		'대구광역시 남구 봉덕동 이천로 72	',		'24층'		,		'배송완료		',	    '부재 시 경비실에 맡겨 주세요'	,	    '아무개'		,		'국민	'),
(	28	,		'test09'		,	5081	,	9	,		'되도록'		,	1	,	166750	,	4500	,		'이종윤'		,		'010-1234-5678'		,		'010-1234-5678'		,	54572	,		'대구광역시 남구 봉덕동 이천로 73	',		'25층'		,		'배송완료		',	    '부재 시 경비실에 맡겨 주세요'	,	    '아무개'		,		'국민	'),
(	29	,		'test09'		,	1111	,	9	,		'되도록'		,	1	,	166750	,	250		,		'이종윤'		,		'010-1234-5678'		,		'010-1234-5678'		,	54573	,		'대구광역시 남구 봉덕동 이천로 74	',		'26층'		,		'배송완료		',	    '부재 시 경비실에 맡겨 주세요'	,	    '아무개'		,		'국민	');



-- Q&A
INSERT INTO qna
   (q_title, q_option, q_member, q_content, q_file, q_date, q_group)
values
('제품에 관해서 말할께 잇어요.', '제품문의', 'test01', '요러한 디자인의 제품도 있으면 좋을거 같아서 사진 한장 올려봅니다.', 'text1234.jpg', now(),(SELECT IFNULL(MAX(q_group) + 1, 1) FROM qna b)),
('환불을 할려면 어떻게 하나요?', '환불문의', 'test02', '환불할시 얼만큼 시간 소요가 되나요? 돈은 다시 언제 들어오고요?',  0, now(),(SELECT IFNULL(MAX(q_group) + 1, 1) FROM qna b)),
('환불관련공지', '공지', 'admin', '결제수단에 따라 환불규정이 각기 다르므로 아래 결제수단 별 환불 기간을 확인해주세요.
 무통장 계좌 : 주문 취소/반품 접수 시 입력한 환불 계좌 정보로 (평일 기준) 2~3일 이내 입금됩니다.
 실시간 이체 : 취소일로부터 (평일 기준) 2~3일 이내 연결 계좌로 입금됩니다.
 신용카드 : 카드 취소일 로부터 2~5일 이내 카드사별 개별 승인취소 확인이 가능합니다. 또는 결제일에 카드 대금이 청구되었다가 익월 카드 청구서에서 취소 확인이 가능합니다.
 간편 결제 : 네이버 페이 / 카카오 페이 / 페이코 (평일 기준) 일주일 이내
 휴대폰 결제 : 휴대폰 결제 취소' ,0 ,now(),0),
('배송관련공지', '공지', 'admin', '오배송이 된 경우, MY PAGE > 주문 배송 조회 > 1:1 문의 작성 또는 고객센터(1644-0560)로 연락주시면 처리가 가능합니다. 빠른 처리가 가능하도록 돕겠습니다.
불량 또는 오배송인 경우, 고객님께서는 왕복 배송비를 부담하시지 않게 교환 처리 해드립니다.', 0,now(),0);

-- 후기
INSERT INTO review
(pro_num, re_member, re_content, re_image, re_image2, re_stars)
values
(6163, 'test01', '완전 싸고 좋습니다. 강추드립니다.', 'review_test.jpg', 'review_test.jpg', 5);

insert   
   into review (pro_num, re_member, re_content, re_image, re_stars)
values (4041, 'test01', '따뜻하네요','404Review1.jpg',4),
		   (4042, 'test02', '색이 예쁘네요','404Review2.jpg',4);


-- 후기 댓글 
INSERT INTO proj21_shop.re_reply
(re_num, re_rep_member,re_rep_content)
values
(1, 'test01','후기 감사합니다.');

-- list 만들기 위한 view
CREATE VIEW productall
as
select p.pro_num,pro_category,pro_name,pro_price,pro_content,pro_salesrate,pro_cre_date,pro_status,pro_color,pro_size,pro_quantity,pro_sold,pro_hits,re_replyCount
		   ,pro_img_code,pro_imagefilename,pro_img_state
  from product p join pro_img i on p.pro_num = i.pro_num;

 -- 제품 지우기 전에 제품 사진들 지우기 -jongyoon
delimiter $$
create trigger delete_pro_img
before delete on product
for each row
begin
delete from pro_img
where pro_num = old.pro_num;
end $$
delimiter ;

delimiter $$
create trigger delete_replycount
before delete on product
for each row
BEGIN
UPDATE
   SET re_replyCount = old.re_replyCount-1
from product
end $$
delimiter ;

delimiter $$
create trigger delete_re_reply
before delete on review
for each row
begin
delete from re_reply
where re_num = old.re_num;
end $$
delimiter ;